<?xml version="1.0" encoding="UTF-8"?>
<project-private xmlns="http://www.netbeans.org/ns/project-private/1">
    <editor-bookmarks xmlns="http://www.netbeans.org/ns/editor-bookmarks/2" lastBookmarkId="0"/>
    <open-files xmlns="http://www.netbeans.org/ns/projectui-open-files/2">
        <group>
            <file>file:/C:/Users/oscar/Desktop/radio-master/radio-master/Radio/src/RadioInterface.java</file>
            <file>file:/C:/Users/oscar/Desktop/radio-master/radio-master/Radio/test/RadioNTest.java</file>
            <file>file:/C:/Users/oscar/Desktop/radio-master/radio-master/Radio/src/RadioN.java</file>
            <file>file:/C:/Users/oscar/Desktop/radio-master/radio-master/Radio/test/RadioInterfaceTest.java</file>
            <file>file:/C:/Users/oscar/Desktop/radio-master/radio-master/Radio/src/GUIradio.java</file>
            <file>file:/C:/Users/oscar/Desktop/radio-master/radio-master/Radio/test/GUIradioTest.java</file>
        </group>
    </open-files>
</project-private>
